ESTADO,GOVERNADOR,GÊNERO,PARTIDO,VICE,GÊNERO,PARTIDO,ENFOQUE,SECRETARIAS,SECRETÁRIOS,GÊNERO,PARTIDO,PROFISSÃO,INVESTIMENTO,DESPESAS,TOTAL,%TOTAL,ESCOLHA
AL,Renan Filho,M,PMDB,Luciano Barbosa,M,PMDB,Governo,Casa Civil,Fábio Luiz Araújo Lopes de Farias,M,PMDB,Médico,1.080.000,,16.420.928.045,"0,006576972976",Política
AL,Renan Filho,M,PMDB,Luciano Barbosa,M,PMDB,Economia,Fazenda,George André Palermo Santoro,M,Não,Advogado,41.524.000,,16.420.928.045,"0,2528724314",Técnica
AL,Renan Filho,M,PMDB,Luciano Barbosa,M,PMDB,Economia,Agricultura,Alvaro José do Monte Vasconcelos,M,Não,Empresário,67.775.000,,16.420.928.045,"0,4127355032",Técnica
AL,Renan Filho,M,PMDB,Luciano Barbosa,M,PMDB,Social - 02,Turismo,Jeanine Pires,F,Não,Empresária,7.507.911,,16.420.928.045,"0,04572159977",Técnica
AL,Renan Filho,M,PMDB,Luciano Barbosa,M,PMDB,Social - 02,Paz,Jardel Aderico,M,Não,Jornalista,22.819.438,8.334.308.547,16.420.928.045,"0,1389655806",Técnica
AL,Renan Filho,M,PMDB,Luciano Barbosa,M,PMDB,Social - 02,Ciência,Pablo Viana da Silva,M,PMDB,Cientista da Computação,3.642.731,,16.420.928.045,"0,02218346606",Política
AL,Renan Filho,M,PMDB,Luciano Barbosa,M,PMDB,Social - 01,Educação,Luciano Barbosa,M,PMDB,Engenheiro Civil,126.661.000,,16.420.928.045,"0,771338865",Política
AL,Renan Filho,M,PMDB,Luciano Barbosa,M,PMDB,Social - 02,Desenvolvimento Social,Joaquim Brito,M,PT,Administrador,6.080.133,1.051.341.647,16.420.928.045,"0,03702673188",Técnica
AL,Renan Filho,M,PMDB,Luciano Barbosa,M,PMDB,Social - 01,Saúde,Rozangela Wyszomirska,F,Não,Médica,152.007.734,17,16.420.928.045,"0,925695147",Técnica
AL,Renan Filho,M,PMDB,Luciano Barbosa,M,PMDB,Governo,Planejamento,Christian Teixeira,M,Não,Advogado,30.644.370,,16.420.928.045,"0,1866177716",Técnica
AL,Renan Filho,M,PMDB,Luciano Barbosa,M,PMDB,Infraestrutura,Infraestrutura,Aparecida Machado,F,Não,Administrador,403.694.931,,16.420.928.045,"2,45841727",Técnica
AL,Renan Filho,M,PMDB,Luciano Barbosa,M,PMDB,Social - 01,Segurança Pública,Alfredo Gaspar de Mendonça,M,Não,Promotor de Justiça,67.612.987,,16.420.928.045,"0,4117488781",Técnica
AL,Renan Filho,M,PMDB,Luciano Barbosa,M,PMDB,Social - 02,Mulher ,Rosinha da Adefal,F,PTdoB,Servidora Pública,12.350.000,,16.420.928.045,"0,07520890394",Técnica
AL,Renan Filho,M,PMDB,Luciano Barbosa,M,PMDB,Economia,Trabalho,Rafael Brito,M,PDT,Administrador,15.000.000,,16.420.928.045,"0,09134684689",Técnica
AL,Renan Filho,M,PMDB,Luciano Barbosa,M,PMDB,Social - 02,Cultura,Mellina Freitas,F,PMDB,Superior Completo,10.028.412,,16.420.928.045,"0,06107092104",Política
AL,Renan Filho,M,PMDB,Luciano Barbosa,M,PMDB,Infraestrutura,Transporte,Mosart Amaral,M,PMDB,Engenheiro Civil,55.690.000,,16.420.928.045,"0,3391403936",Política
AL,Renan Filho,M,PMDB,Luciano Barbosa,M,PMDB,Social - 02,Esporte,Cláudia Petuba,F,PcdoB,Administradora,,,16.420.928.045,0,Técnica
AL,Renan Filho,M,PMDB,Luciano Barbosa,M,PMDB,Infraestrutura,Meio ambiente,Alexandre Ayres,M,PSD,Advogado,27.223.000,,16.420.928.045,"0,1657823475",Técnica
BA,Rui Costa,M,PT,João Felipe de Souza Leão,M,PP,Governo,Casa Civil,Bruno Dauster,M,PT,,55.799.352,,39.091.321.000,"0,1427410243",Política
BA,Rui Costa,M,PT,João Felipe de Souza Leão,M,PP,Governo,Administração,Edelvino Goés,M,PT,,269.928.000,,39.091.321.000,"0,6905062124",Política
BA,Rui Costa,M,PT,João Felipe de Souza Leão,M,PP,Infraestrutura,Desenvolvimento urbano,Carlos Martins,M,Não,,1.964.122.200,,39.091.321.000,"5,024445708",Técnica
BA,Rui Costa,M,PT,João Felipe de Souza Leão,M,PP,Social - 02,Ciência,Manoel Gomes Mendonça,M,Não,,44.122.600,,39.091.321.000,"0,1128705781",Técnica
BA,Rui Costa,M,PT,João Felipe de Souza Leão,M,PP,Economia,Indústria,James Correia,M,Não,,,12.108.132.773,39.091.321.000,0,Técnica
BA,Rui Costa,M,PT,João Felipe de Souza Leão,M,PP,Infraestrutura,Desenvolvimento rural,Jerônimo Rodrigues,M,PT,,143.637.390,,39.091.321.000,"0,3674406142",Política
BA,Rui Costa,M,PT,João Felipe de Souza Leão,M,PP,Economia,Agricultura,Fernanda Mendonça,F,Não,Veterinária,3.762.000,,39.091.321.000,"0,009623619524",Técnica
BA,Rui Costa,M,PT,João Felipe de Souza Leão,M,PP,Social - 02,Turismo,Nelson Pelegrino,M,PT,,21.754.000,,39.091.321.000,"0,05564918105",Política
BA,Rui Costa,M,PT,João Felipe de Souza Leão,M,PP,Social - 02,Cultura,Jorge Portugal,M,PT,,21.949.000,,39.091.321.000,"0,05614801301",Política
BA,Rui Costa,M,PT,João Felipe de Souza Leão,M,PP,Social - 02,Igualdade Racial,Vera Lúcia Barbosa,F,PT,,6.850.000,,39.091.321.000,"0,01752307117",Política
BA,Rui Costa,M,PT,João Felipe de Souza Leão,M,PP,Social - 02,Mulher,Olívia Santana,F,PTB,,5.396.000,,39.091.321.000,"0,01380357548",Técnica
BA,Rui Costa,M,PT,João Felipe de Souza Leão,M,PP,Social - 01,Segurança Pública,Maurício Barbosa,M,Não,,279.069.000,5.061.960.716,39.091.321.000,"0,7138899195",Técnica
BA,Rui Costa,M,PT,João Felipe de Souza Leão,M,PP,Social - 01,Educação,Osvaldo Barreto Filho,M,PTC,,130.531.000,22,39.091.321.000,"0,3339129931",Técnica
BA,Rui Costa,M,PT,João Felipe de Souza Leão,M,PP,Social - 02,Ressocialização,Nestor Duarte,M,PSB,,445.953.000,,39.091.321.000,"1,140797979",Técnica
BA,Rui Costa,M,PT,João Felipe de Souza Leão,M,PP,Infraestrutura,Meio ambiente,Eugênio Spengler,M,PT,,4.706.000,,39.091.321.000,"0,0120384778",Política
BA,Rui Costa,M,PT,João Felipe de Souza Leão,M,PP,Economia,Fazenda,Manuel Vitório,M,Não,,28.031.000,,39.091.321.000,"0,07170645372",Técnica
BA,Rui Costa,M,PT,João Felipe de Souza Leão,M,PP,Infraestrutura,Infraestrutura,Marcus Benício Foltz Cavalcanti,M,DEM,Engenheiro Mecânico,183.973.000,,39.091.321.000,"0,4706236456",Técnica
BA,Rui Costa,M,PT,João Felipe de Souza Leão,M,PP,Infraestrutura,Infraestrutura Hídrica,Cássio Peixoto,M,Não,,598.704.610,,39.091.321.000,"1,531553794",Técnica
BA,Rui Costa,M,PT,João Felipe de Souza Leão,M,PP,Governo,Planejamento,João Felipe de Souza Leão,M,PP,,81.950.764,,39.091.321.000,"0,2096392803",Técnica
BA,Rui Costa,M,PT,João Felipe de Souza Leão,M,PP,Governo,Comunicação,André Curvello,M,PMDB,,105.304.000,,39.091.321.000,"0,2693794871",Técnica
BA,Rui Costa,M,PT,João Felipe de Souza Leão,M,PP,Economia,Trabalho,Álvaro Gomes,M,PT,,144.562.000,,39.091.321.000,"0,3698058707",Política
BA,Rui Costa,M,PT,João Felipe de Souza Leão,M,PP,Social - 01,Saúde,Fábio Vilas-Boas,M,Não,Médico,160.807.000,,39.091.321.000,"0,4113624096",Técnica
BA,Rui Costa,M,PT,João Felipe de Souza Leão,M,PP,Governo,Articulação,Josias Gomes,M,PT,Agrônomo,,,39.091.321.000,0,Política
BA,Rui Costa,M,PT,João Felipe de Souza Leão,M,PP,Social - 02,Direitos Humanos,Geraldo Reis,M,PT,Sociólogo,361.048.800,,39.091.321.000,"0,9236034771",Política
CE,Camilo Santana,M,PT,Izolda Cela,F,PROS,Social - 01,Saúde,Carlile Lavor,M,Não,Médico,180.093.481,,23.605.525.401,"0,7629293479",Técnica
CE,Camilo Santana,M,PT,Izolda Cela,F,PROS,Economia,Trabalho,Josbertini Clementino,M,PDT,Administrador,63.839.112,,23.605.525.401,"0,2704413942",Técnica
CE,Camilo Santana,M,PT,Izolda Cela,F,PROS,Social - 02,Justiça,Hélio Leitão,M,PcdoB,Advogado,291.890.410,,23.605.525.401,"1,236534265",Técnica
CE,Camilo Santana,M,PT,Izolda Cela,F,PROS,Social - 02,Esporte,David Durand,M,PRB,Pastor ,51.563.925,2.912.930.643,23.605.525.401,"0,2184400649",Técnica
CE,Camilo Santana,M,PT,Izolda Cela,F,PROS,Social - 02,Política de Drogas,Mirian Sobreira,F,PDT,Enfermeira,,,23.605.525.401,0,Técnica
CE,Camilo Santana,M,PT,Izolda Cela,F,PROS,Economia,Agricultura,Osmar Baquit,M,PDT,Empresário,13.910.570,,23.605.525.401,"0,05892929627",Técnica
CE,Camilo Santana,M,PT,Izolda Cela,F,PROS,Infraestrutura,Cidades,Ivo Gomes,M,PDT,Advogado,158.038.892,,23.605.525.401,"0,669499574",Técnica
CE,Camilo Santana,M,PT,Izolda Cela,F,PROS,Economia,Fazenda,Mauro Filho,M,PDT,Economista,31.535.000,,23.605.525.401,"0,1335916039",Técnica
CE,Camilo Santana,M,PT,Izolda Cela,F,PROS,Social - 02,Ciência,Inácio Arruda,M,PcdoB,Técnico em eletrotécnica,74.106.631,1.661.808.856,23.605.525.401,"0,313937647",Técnica
CE,Camilo Santana,M,PT,Izolda Cela,F,PROS,Infraestrutura,Desenvolvimento Agrário,Francisco José Teixeira,M,PT,Geólogo,165.480.682,18,23.605.525.401,"0,7010252015",Política
CE,Camilo Santana,M,PT,Izolda Cela,F,PROS,Infraestrutura,Meio ambiente,Artur Bruno,M,PT,Pedagogo,15.285.000,,23.605.525.401,"0,064751789",Política
CE,Camilo Santana,M,PT,Izolda Cela,F,PROS,Economia,Desenvolvimento Econômico,Nicolle Barbosa,F,PSC,Empresária,18.700.000,,23.605.525.401,"0,07921874088",Técnica
CE,Camilo Santana,M,PT,Izolda Cela,F,PROS,Infraestrutura,Recursos Hídricos,Francisco Teixeira,M,Não,Engenheiro Civil,94.663.000,,23.605.525.401,"0,401020517",Técnica
CE,Camilo Santana,M,PT,Izolda Cela,F,PROS,Governo,Articulação,Danilo Serpa,M,Não,Administrador,,,23.605.525.401,0,Técnica
CE,Camilo Santana,M,PT,Izolda Cela,F,PROS,Governo,Casa Civil,Alexandre Lacerda Landim,M,Não,Advogado,22.804.000,,23.605.525.401,"0,09660450091",Técnica
CE,Camilo Santana,M,PT,Izolda Cela,F,PROS,Social - 02,Juventude,Élcio Batista,M,Não,Cientista Social,,,23.605.525.401,0,Técnica
CE,Camilo Santana,M,PT,Izolda Cela,F,PROS,Social - 02,Turismo,Arialdo Pinho,M,Não,Economista,44.352.786,,23.605.525.401,"0,1878915434",Técnica
CE,Camilo Santana,M,PT,Izolda Cela,F,PROS,Governo,Planejamento,Hugo Figueiredo,M,Não,Economista,72.895.111,,23.605.525.401,"0,3088052893",Técnica
CE,Camilo Santana,M,PT,Izolda Cela,F,PROS,Infraestrutura,Infraestrutura,André Facó,M,Não,Engenheiro Civil,150.262.665,,23.605.525.401,"0,6365571723",Técnica
CE,Camilo Santana,M,PT,Izolda Cela,F,PROS,Governo,Casa Militar,Célio Studart,M,SD,Advogado,1.000.000,,23.605.525.401,"0,004236296304",Técnica
CE,Camilo Santana,M,PT,Izolda Cela,F,PROS,Social - 01,Educação,Maurício Holanda,M,Não,Administrador Público,211.387.591,,23.605.525.401,"0,8955004704",Técnica
MA,Flávio Dino,M,PCdoB,Carlos Brandão,M,PSDB,Social - 02,Justiça,Murilo Andrade,M,Não,Advogado ,1.124.639.727,,27.987.354.145,"4,018385308",Técnica
MA,Flávio Dino,M,PCdoB,Carlos Brandão,M,PSDB,Economia,Agricultura,Márcio Honaiser,M,PDT,Professor,75.244.707,,27.987.354.145,"0,2688525204",Técnica
MA,Flávio Dino,M,PCdoB,Carlos Brandão,M,PSDB,Economia,Agricultura Familiar,Adelmo Soares,M,PCdoB,Dentista,,,27.987.354.145,0,Política
MA,Flávio Dino,M,PCdoB,Carlos Brandão,M,PSDB,Governo,Articulação,Márcio Jerry,M,PCdoB,Jornalista,2.963.204,,27.987.354.145,"0,01058765321",Política
MA,Flávio Dino,M,PCdoB,Carlos Brandão,M,PSDB,Governo,Casa Civil,Marcelo Tavares,M,PSB,Advogado ,54.220.507,,27.987.354.145,"0,1937321646",Técnica
MA,Flávio Dino,M,PCdoB,Carlos Brandão,M,PSDB,Infraestrutura,Cidades,Flávia Alexandrina Coelho,F,Não,Contadora,85.776.467,,27.987.354.145,"0,3064829442",Técnica
MA,Flávio Dino,M,PCdoB,Carlos Brandão,M,PSDB,Social - 02,Ciência,Ubirajara do Pindaré Almeida Sousa,M,PSB,Advogado ,512.535.776,,27.987.354.145,"1,831312004",Técnica
MA,Flávio Dino,M,PCdoB,Carlos Brandão,M,PSDB,Governo,Comunicação,Robson Paz,M,Não,Radialista,49.225.034,,27.987.354.145,"0,1758831283",Técnica
MA,Flávio Dino,M,PCdoB,Carlos Brandão,M,PSDB,Social - 02,Cultura,Ester Marques,F,Não,Professora,86.983.075,,27.987.354.145,"0,3107942057",Técnica
MA,Flávio Dino,M,PCdoB,Carlos Brandão,M,PSDB,Social - 02,Desenvolvimento Social,Neto Evangelista,M,DEM,Advogado ,160.573.907,,27.987.354.145,"0,5737373607",Técnica
MA,Flávio Dino,M,PCdoB,Carlos Brandão,M,PSDB,Social - 02,Direitos Humanos,Francisco Gonçalves,M,Não,Professor,142.971.377,13.791.132.690,27.987.354.145,"0,5108427766",Técnica
MA,Flávio Dino,M,PCdoB,Carlos Brandão,M,PSDB,Social - 01,Educação,Áurea Prazeres,F,Não,Professora,1.833.632.238,,27.987.354.145,"6,551645534",Técnica
MA,Flávio Dino,M,PCdoB,Carlos Brandão,M,PSDB,Social - 02,Esporte,Márcio Jardim,M,PT,Professor,24.225.917,,27.987.354.145,"0,086560226",Técnica
MA,Flávio Dino,M,PCdoB,Carlos Brandão,M,PSDB,Economia,Fazenda,Marcellus Ribeiro Alves,M,Não,Economista,226.062.955,9.897.995.990,27.987.354.145,"0,8077324989",Técnica
MA,Flávio Dino,M,PCdoB,Carlos Brandão,M,PSDB,Governo,Gestão Administrativa,Felipe Camarão,M,Não,Procurador Federal,753.340.253,24,27.987.354.145,"2,691716584",Técnica
MA,Flávio Dino,M,PCdoB,Carlos Brandão,M,PSDB,Social - 02,Igualdade Racial,Gerson Pinheiro,M,PCdoB,Geógrafo,,,27.987.354.145,0,Política
MA,Flávio Dino,M,PCdoB,Carlos Brandão,M,PSDB,Economia,Indústria,Simplício Araújo,M,SD,Empresário,62.588.794,,27.987.354.145,"0,223632408",Técnica
MA,Flávio Dino,M,PCdoB,Carlos Brandão,M,PSDB,Infraestrutura,Infraestrutura,Clayton Noleto,M,PCdoB,Administrador,1.379.029.905,,27.987.354.145,"4,927332172",Política
MA,Flávio Dino,M,PCdoB,Carlos Brandão,M,PSDB,Social - 02,Juventude,Tatiana Pereira,F,PCdoB,,,,27.987.354.145,0,Política
MA,Flávio Dino,M,PCdoB,Carlos Brandão,M,PSDB,Infraestrutura,Meio ambiente,Marcelo Coelho,M,PSB,,45.789.010,,27.987.354.145,"0,1636060692",Técnica
MA,Flávio Dino,M,PCdoB,Carlos Brandão,M,PSDB,Infraestrutura,Minas e Energia,José Reinaldo Tavares,M,PSB,Engenheiro Civil,1.537.023,,27.987.354.145,"0,005491848183",Técnica
MA,Flávio Dino,M,PCdoB,Carlos Brandão,M,PSDB,Social - 02,Mulher,Laurinda Pinto,F,Não,Pedagoga,3.785.987,,27.987.354.145,"0,01352749167",Técnica
MA,Flávio Dino,M,PCdoB,Carlos Brandão,M,PSDB,Governo,Planejamento,Cinthia Mota Lima,F,Não,Contadora,352.287.013,,27.987.354.145,"1,258736396",Técnica
MA,Flávio Dino,M,PCdoB,Carlos Brandão,M,PSDB,Social - 01,Saúde,Marcos Pacheco,M,Não,Médico,1.853.466.591,,27.987.354.145,"6,622514516",Técnica
MA,Flávio Dino,M,PCdoB,Carlos Brandão,M,PSDB,Social - 01,Segurança Pública,Jefferson Portela,M,PCdoB,Delegado,1.046.244.417,,27.987.354.145,"3,73827555",Política
MA,Flávio Dino,M,PCdoB,Carlos Brandão,M,PSDB,Economia,Trabalho,Julião Amin,M,PDT,Advogado ,15.034.310,,27.987.354.145,"0,05371822546",Técnica
MA,Flávio Dino,M,PCdoB,Carlos Brandão,M,PSDB,Governo,Transparência,Rodrigo Lago,M,Não,Advogado ,,,27.987.354.145,0,Técnica
MA,Flávio Dino,M,PCdoB,Carlos Brandão,M,PSDB,Social - 02,Turismo,Delma Andrade,F,Não,Antropóloga,5.837.796,,27.987.354.145,"0,020858692",Técnica
MA,Flávio Dino,M,PCdoB,Carlos Brandão,M,PSDB,Infraestrutura,Transporte,José Artur Cabral Marques,M,Não,Engenheiro Elétrico,,,27.987.354.145,0,Técnica
PB,Ricardo Coutinho,M,PSB,Lígia Feliciano,F,PDT,Social - 01,Educação,Aléssio Trindade de Barros,M,Não,Professor,2.304.794.907,,21.054.518.466,"10,94679468",Técnica
PB,Ricardo Coutinho,M,PMDB,Lígia Feliciano,F,PDT,Social - 01,Saúde,Roberta Abath,F,Não,Médica,1.279.053.115,,21.054.518.466,"6,074957815",Técnica
PB,Ricardo Coutinho,M,PMDB,Lígia Feliciano,F,PDT,Governo,Articulação Municipal,Waldson Dias de Souza,M,PSB,Dentista,2.471.000,,21.054.518.466,"0,01173619812",Técnica
PB,Ricardo Coutinho,M,PMDB,Lígia Feliciano,F,PDT,Governo,Casa Militar,Anderson Pessoa,M,Não,Tenente-Coronel,4.377.648,,21.054.518.466,"0,02079196448",Técnica
PB,Ricardo Coutinho,M,PMDB,Lígia Feliciano,F,PDT,Social - 02,Cultura,Lau Siqueira,M,PSB,Poeta,13.641.287,11.259.452.733,21.054.518.466,"0,06479030628",Técnica
PB,Ricardo Coutinho,M,PMDB,Lígia Feliciano,F,PDT,Economia,Agricultura,Rômulo Montenegro,M,PSB,,47.706.890,,21.054.518.466,"0,2265874191",Técnica
PB,Ricardo Coutinho,M,PMDB,Lígia Feliciano,F,PDT,Governo,Planejamento,Tárcio Pessoa,M,PSB,,47.124.024,,21.054.518.466,"0,2238190537",Técnica
PB,Ricardo Coutinho,M,PMDB,Lígia Feliciano,F,PDT,Social - 02,Mulher,Gilberta Soares,F,Não,Psicóloga,2.186.000,,21.054.518.466,"0,01038256944",Técnica
PB,Ricardo Coutinho,M,PMDB,Lígia Feliciano,F,PDT,Social - 02,Turismo,Ruth Avelino,F,Não,Jornalista,47.124.024,5.192.997.256,21.054.518.466,"0,2238190537",Técnica
PB,Ricardo Coutinho,M,PMDB,Lígia Feliciano,F,PDT,Governo,Governadoria,Efraim Morais,M,DEM,Engenheiro Civil,25.239.000,16,21.054.518.466,"0,119874506",Técnica
PB,Ricardo Coutinho,M,PMDB,Lígia Feliciano,F,PDT,Infraestrutura,Infraestrutura,Aparecida Machado,F,Não,Administradora,501.600.000,,21.054.518.466,"2,382386474",Técnica
PB,Ricardo Coutinho,M,PMDB,Lígia Feliciano,F,PDT,Governo,Comunicação,Luis Torres,M,Não,Jornalista,23.318.000,,21.054.518.466,"0,1107505737",Técnica
PB,Ricardo Coutinho,M,PMDB,Lígia Feliciano,F,PDT,Infraestrutura,Infraestrutura,João Azevedo,M,PSB,Engenheiro Civil,501.600.000,,21.054.518.466,"2,382386474",Técnica
PB,Ricardo Coutinho,M,PMDB,Lígia Feliciano,F,PDT,Social - 02,Desenvolvimento Social,Cida Ramos,F,PSB,Assistente Social,,,21.054.518.466,0,Técnica
PB,Ricardo Coutinho,M,PMDB,Lígia Feliciano,F,PDT,Governo,Casa Civil,Lea Silva,F,DEM,,11.479.000,,21.054.518.466,"0,0545203635",Técnica
PB,Ricardo Coutinho,M,PMDB,Lígia Feliciano,F,PDT,Governo,Desenvolvimento Humano,Ana Claúdia Vital do Rego,F,PTN,Advogada,369.566.361,,21.054.518.466,"1,755282894",Técnica
PB,Ricardo Coutinho,M,PMDB,Lígia Feliciano,F,PDT,Social - 02,Segurança Alimentar,Ana Paula Almeida,F,PSB,Cientista Social,11.716.000,,21.054.518.466,"0,05564601261",Técnica
PE,Paulo Câmara,M,PSB,Raul Henry,M,PMDB,Governo,Administração,Milton Coelho,M,PSB,Advogado,707.628.300,,33.618.176.300,"2,104897939",Política
PE,Paulo Câmara,M,PSB,Raul Henry,M,PMDB,Economia,Agricultura,Nilton Mota,M,PSB,Servidor Público,664.131.500,,33.618.176.300,"1,975513169",Política
PE,Paulo Câmara,M,PSB,Raul Henry,M,PMDB,Governo,Casa Civil,Antônio Figueira,M,PSB,,87.252.700,,33.618.176.300,"0,2595402535",Política
PE,Paulo Câmara,M,PSB,Raul Henry,M,PMDB,Infraestrutura,Cidades,André de Paula,M,PSD,Advogado,917.150.700,,33.618.176.300,"2,728139361",Técnica
PE,Paulo Câmara,M,PSB,Raul Henry,M,PMDB,Social - 02,Ciência,Lúcia Melo,F,Não,Engenheira Química,372.956.600,,33.618.176.300,"1,109389744",Técnica
PE,Paulo Câmara,M,PSB,Raul Henry,M,PMDB,Social - 02,Cultura,Marcelino Granja,M,PCdoB,,82.795.500,,33.618.176.300,"0,2462819496",Técnica
PE,Paulo Câmara,M,PSB,Raul Henry,M,PMDB,Social - 01,Segurança Pública,Alessandro Carvalho,M,Não,Delegado,288.970.600,,33.618.176.300,"0,8595665554",Técnica
PE,Paulo Câmara,M,PSB,Raul Henry,M,PMDB,Economia,Desenvolvimento Econômico,Thiago Norões,M,PSB,Advogado,288.970.600,26.134.950.500,33.618.176.300,"0,8595665554",Política
PE,Paulo Câmara,M,PSB,Raul Henry,M,PMDB,Social - 02,Juventude,Isaltino Nascimento,M,PSB,Contador,210.211.300,,33.618.176.300,"0,625290611",Política
PE,Paulo Câmara,M,PSB,Raul Henry,M,PMDB,Social - 01,Educação,Frederico Amâncio,M,Não,Administrador,3.828.111.100,,33.618.176.300,"11,38702786",Técnica
PE,Paulo Câmara,M,PSB,Raul Henry,M,PMDB,Infraestrutura,Habitação,Marcos Baptista,M,PMDB,Advogado,,13.790.717.500,33.618.176.300,0,Técnica
PE,Paulo Câmara,M,PSB,Raul Henry,M,PMDB,Governo,Comunicação,Ennio Benning,M,Não,Jornalista,,19,33.618.176.300,0,Técnica
PE,Paulo Câmara,M,PSB,Raul Henry,M,PMDB,Social - 02,Direitos Humanos,Pedro Eurico,M,PSDB,Advogado,327.914.000,,33.618.176.300,"0,9754068664",Técnica
PE,Paulo Câmara,M,PSB,Raul Henry,M,PMDB,Infraestrutura,Meio ambiente,Sérgio Xavier,M,PV,,62.914.100,,33.618.176.300,"0,1871431081",Técnica
PE,Paulo Câmara,M,PSB,Raul Henry,M,PMDB,Economia,Trabalho,Evandro Avelar,M,PSDB,,25.953.300,,33.618.176.300,"0,07720020196",Técnica
PE,Paulo Câmara,M,PSB,Raul Henry,M,PMDB,Social - 02,Mulher,Silvia Cordeiro,F,Não,Médica,19.923.100,,33.618.176.300,"0,05926288155",Técnica
PE,Paulo Câmara,M,PSB,Raul Henry,M,PMDB,Governo,Planejamento,Danilo Cabral,M,PSB,Advogado,287.459.900,,33.618.176.300,"0,8550728553",Política
PE,Paulo Câmara,M,PSB,Raul Henry,M,PMDB,Social - 01,Saúde,José Irán Costa Júnior,M,Não,Médico,4.314.065.700,,33.618.176.300,"12,83253934",Técnica
PE,Paulo Câmara,M,PSB,Raul Henry,M,PMDB,Infraestrutura,Transporte,Sebastião Oliveira,M,PR,Médico,152.646.000,,33.618.176.300,"0,4540579436",Técnica
PE,Paulo Câmara,M,PSB,Raul Henry,M,PMDB,Social - 02,Turismo,Felipe Carreras,M,PSB,Empresário,209.035.500,,33.618.176.300,"0,6217930983",Política
PE,Paulo Câmara,M,PSB,Raul Henry,M,PMDB,Economia,Fazenda,Márcio Stefanni,M,PSB,Advogado,942.627.000,,33.618.176.300,"2,803920687",Política
PI,Wellington Dias,M,PT,Margarete Coelho,F,PP,Infraestrutura,Cidades,Fábio Henrique Mendonça,M,PR,Superior Incompleto,147.529.390,,18.232.376.061,"0,8091616227",Técnica
PI,Wellington Dias,M,PT,Margarete Coelho,F,PP,Infraestrutura,Desenvolvimento Rural,Francisco Limma,M,PT,Agrônomo,49.451.206,,18.232.376.061,"0,2712274354",Política
PI,Wellington Dias,M,PT,Margarete Coelho,F,PP,Economia,Trabalho,Gessivaldo Isaias,M,PRB,Pedagogo,6.196.012,,18.232.376.061,"0,03398356846",Técnica
PI,Wellington Dias,M,PT,Margarete Coelho,F,PP,Social - 02,Defesa Social,Hélio Isaias,M,PP,Fisioterapeuta,8.620.000,,18.232.376.061,"0,04727853337",Técnica
PI,Wellington Dias,M,PT,Margarete Coelho,F,PP,Infraestrutura,Infraestrutura,Janaínna Marques,F,PTB,,255.300.000,,18.232.376.061,"1,400256331",Técnica
PI,Wellington Dias,M,PT,Margarete Coelho,F,PP,Infraestrutura,Minas e Energia,Luís Coelho,M,PHS,,6.112.078,,18.232.376.061,"0,03352321156",Técnica
PI,Wellington Dias,M,PT,Margarete Coelho,F,PP,Economia,Desenvolvimento Econômico,José Icemar Lavor Neri,M,PTB,,16.412.105,7.741.915.029,18.232.376.061,"0,09001627075",Técnica
PI,Wellington Dias,M,PT,Margarete Coelho,F,PP,Social - 01,Educação,Rejane Dias,F,PT,Administradora,1.648.313.064,,18.232.376.061,"9,040582854",Política
PI,Wellington Dias,M,PT,Margarete Coelho,F,PP,Infraestrutura,Meio ambiente,Luís Henrique de Sousa Carvalho,M,Não,,8.399.000,,18.232.376.061,"0,04606640392",Técnica
PI,Wellington Dias,M,PT,Margarete Coelho,F,PP,Social - 02,Assistência Social,José Henrique Ferreira,M,PTB,,4.950.000,3.798.674.627,18.232.376.061,"0,02714950582",Técnica
PI,Wellington Dias,M,PT,Margarete Coelho,F,PP,Social - 02,Inclusão Pessoas com Deficiência,Mauro Eduardo,M,PT,,3.209.700,,18.232.376.061,"0,01760439774",Política
PI,Wellington Dias,M,PT,Margarete Coelho,F,PP,Governo,Governadoria,Merlog Solano,M,PT,Economista,52.769.845,,18.232.376.061,"0,2894293362",Política
PI,Wellington Dias,M,PT,Margarete Coelho,F,PP,Social - 01,Saúde,Francisco de Assis,M,PT,Médico,992.784.606,,18.232.376.061,"5,445174028",Política
PI,Wellington Dias,M,PT,Margarete Coelho,F,PP,Governo,Casa Militar,José Denilson do Rêgo Marques,M,Não,Coronel,14.198.140,,18.232.376.061,"0,07787322921",Técnica
PI,Wellington Dias,M,PT,Margarete Coelho,F,PP,Social - 01,Segurança Pública,Fábio Abreu Costa,M,PTB,Policial Militar,132.515.615,,18.232.376.061,"0,7268148406",Técnica
PI,Wellington Dias,M,PT,Margarete Coelho,F,PP,Economia,Fazenda,Rafael Tajra Fonteles,M,PT,Matemático,152.205.147,,18.232.376.061,"0,8348069746",Política
PI,Wellington Dias,M,PT,Margarete Coelho,F,PP,Governo,Planejamento,Antônio Rodrigues Neto,M,PT,Administrador,72.579.552,,18.232.376.061,"0,3980805999",Política
PI,Wellington Dias,M,PT,Margarete Coelho,F,PP,Governo,Administração,Francisco José Alves da Silva,M,PT,Servidor Público,78.922.862,,18.232.376.061,"0,4328720609",Política
PI,Wellington Dias,M,PT,Margarete Coelho,F,PP,Social - 02,Justiça,Daniel Carvalho Oliveira Valente,M,PT,Advogado,61.397.584,,18.232.376.061,"0,336750316",Política
PI,Wellington Dias,M,PT,Margarete Coelho,F,PP,Infraestrutura,Transporte,Guilhermando Pires Ferreira Correa,M,Não,,86.808.721,,18.232.376.061,"0,4761240154",Técnica
RN,Robinson Faria,M,PSD,Fábio Dantas,M,PCdoB,Governo,Casa Civil,Tatiana Mendes Cunha,F,PSD,Advogada,15.919.000,,12.338.389.000,"0,1290200852",Política
RN,Robinson Faria,M,PSD,Fábio Dantas,M,PCdoB,Economia,Fazenda,André Horta Melo,M,Não,Auditor Fiscal,449.150.000,,12.338.389.000,"3,640264543",Técnica
RN,Robinson Faria,M,PSD,Fábio Dantas,M,PCdoB,Governo,Planejamento,Gustavo Maurício Filgueiras,M,PSDB,,131.505.000,,12.338.389.000,"1,065819857",Técnica
RN,Robinson Faria,M,PSD,Fábio Dantas,M,PCdoB,Economia,Agricultura,Haroldo Abuana Osório,M,PSD,Dentista,16.422.000,,12.338.389.000,"0,1330967925",Política
RN,Robinson Faria,M,PSD,Fábio Dantas,M,PCdoB,Social - 01,Saúde,José Ricardo Lagreca,M,Não,Médico,1.544.859.000,6.899.655.000,12.338.389.000,"12,52075129",Técnica
RN,Robinson Faria,M,PSD,Fábio Dantas,M,PCdoB,Governo,Comunicação,Georgia Nery,F,PTB,,32.229.000,,12.338.389.000,"0,2612091416",Técnica
RN,Robinson Faria,M,PSD,Fábio Dantas,M,PCdoB,Governo,Articulação,Hudson Pereira Brito,M,PSD,,,,12.338.389.000,0,Política
RN,Robinson Faria,M,PSD,Fábio Dantas,M,PCdoB,Social - 02,Turismo,Ruy Pereira Gaspar,M,PSD,,65.146.000,5.437.375.000,12.338.389.000,"0,5279943759",Política
RN,Robinson Faria,M,PSD,Fábio Dantas,M,PCdoB,Social - 01,Segurança Pública,Kalina Leite Gonçalves,F,Não,,6.610.000,,12.338.389.000,"0,05357263416",Técnica
RN,Robinson Faria,M,PSD,Fábio Dantas,M,PCdoB,Economia,Trabalho,Julianne Dantas Faria,F,PSD,,231.670.000,,12.338.389.000,"1,877635727",Política
RN,Robinson Faria,M,PSD,Fábio Dantas,M,PCdoB,Social - 01,Educação,Francisco das Chagas Fernandes,M,PR,,2.515.420.000,,12.338.389.000,"20,3869403",Técnica
RN,Robinson Faria,M,PSD,Fábio Dantas,M,PCdoB,Infraestrutura,Infraestrutura,Jader Torres,M,PSD,,179.916.000,,12.338.389.000,"1,458180643",Política
RN,Robinson Faria,M,PSD,Fábio Dantas,M,PCdoB,Infraestrutura,Meio ambiente,José Mairton França,M,Não,,102.539.000,,12.338.389.000,"0,8310566315",Técnica
RN,Robinson Faria,M,PSD,Fábio Dantas,M,PCdoB,Governo,Administração,Gustavo Maurício Filgueiras,M,PSDB,,1.590.000,,12.338.389.000,"0,01288660943",Técnica
RN,Robinson Faria,M,PSD,Fábio Dantas,M,PCdoB,Social - 02,Esporte,George Câmara,M,PSDB,,29.887.000,,12.338.389.000,"0,2422277333",Técnica
RN,Robinson Faria,M,PSD,Fábio Dantas,M,PCdoB,Social - 02,Juventude,Maria Divaneide Basílio,F,PT,,10.417.000,,12.338.389.000,"0,08442755371",Técnica
RN,Robinson Faria,M,PSD,Fábio Dantas,M,PCdoB,Infraestrutura,Desenvolvimento Agrário,Raimundo da Costa Sobrinho,M,PT,,16.422.000,,12.338.389.000,"0,1330967925",Técnica
RN,Robinson Faria,M,PSD,Fábio Dantas,M,PCdoB,Social - 02,Mulher,Maria Teresa Freire da Costa,F,PT,,87.674.000,,12.338.389.000,"0,7105789905",Técnica
SE,Jackson Barreto,M,PMDB,Belivaldo Chagas,M,PSB,Economia,Agricultura,Esmeraldo Leal dos Santos,M,PT,,209.070.375,,8.625.446.602,"2,42387884",Técnica
SE,Jackson Barreto,M,PMDB,Belivaldo Chagas,M,PSB,Governo,Casa Civil,Belivaldo Chagas,M,PSB,,39.394.961,,8.625.446.602,"0,4567295216",Técnica
SE,Jackson Barreto,M,PMDB,Belivaldo Chagas,M,PSB,Governo,Comunicação,Sales Neto,M,Não,,21.886.000,5.602.144.182,8.625.446.602,"0,2537375861",Técnica
SE,Jackson Barreto,M,PMDB,Belivaldo Chagas,M,PSB,Economia,Fazenda,Jefferson Passos,M,Não,,737.400.499,,8.625.446.602,"8,54912833",Técnica
SE,Jackson Barreto,M,PMDB,Belivaldo Chagas,M,PSB,Social - 01,Educação,Jorge Carvalho,M,Não,,966.065.900,5.283.726.480,8.625.446.602,"11,20018411",Técnica
SE,Jackson Barreto,M,PMDB,Belivaldo Chagas,M,PSB,Governo,Governadoria,Benedito Figueiredo,M,Não,,772.683.100,,8.625.446.602,"8,958180784",Técnica
SE,Jackson Barreto,M,PMDB,Belivaldo Chagas,M,PSB,Infraestrutura,Infraestrutura,Valmor Barbosa,M,Não,,292.835.000,,8.625.446.602,"3,395012612",Técnica
SE,Jackson Barreto,M,PMDB,Belivaldo Chagas,M,PSB,Social - 02,Justiça,Antônio Hora Filho,M,PSD,,219.683.000,,8.625.446.602,"2,546917396",Técnica
SE,Jackson Barreto,M,PMDB,Belivaldo Chagas,M,PSB,Infraestrutura,Meio ambiente,Olivier Ferreira Chagas,M,PT,,14.834.950,,8.625.446.602,"0,1719905146",Técnica
SE,Jackson Barreto,M,PMDB,Belivaldo Chagas,M,PSB,Governo,Planejamento,João Augusto Gama,M,PT,,80.383.880,,8.625.446.602,"0,9319387588",Técnica
SE,Jackson Barreto,M,PMDB,Belivaldo Chagas,M,PSB,Social - 01,Saúde,José Macedo Sobral,M,PMDB,,1.071.466.820,,8.625.446.602,"12,42216049",Política
SE,Jackson Barreto,M,PMDB,Belivaldo Chagas,M,PSB,Social - 01,Segurança Pública,Mendonça Prado,M,DEM,,791.393.330,,8.625.446.602,"9,175099754",Técnica
SE,Jackson Barreto,M,PMDB,Belivaldo Chagas,M,PSB,Social - 02,Turismo,Adilson Júnior,M,Não,,66.628.665,,8.625.446.602,"0,7724662626",Técnica